{"test": [0.6068982367869467, 0.6081302829552442, 0.6060000878060237, 0.6102163947653025, 0.6287993016885594], "test_average": 0.6120088608004153, "train": [3.6493559391237795, 3.6540576016996056, 3.665042164735496, 3.6638304663356394, 3.6402988251065835], "train_average": 3.654516999400221, "testset_same_acc": [[true, 0.9854, 0.9854], [true, 0.9833, 0.9833], [true, 0.9834, 0.9834], [true, 0.9836, 0.9836], [true, 0.9825, 0.9825]], "trainset_same_acc": [[true, 0.9857833333333333, 0.9857833333333333], [true, 0.9848833333333333, 0.9848833333333333], [true, 0.9840666666666666, 0.9840666666666666], [true, 0.9852833333333333, 0.9852833333333333], [true, 0.983, 0.983]], "test_acc_stable": [true, true, true, true, true], "train_acc_stable": [true, true, true, true, true]}