{"test": [0.6996570597402751, 0.6852398066548631, 0.6832593426806852, 0.6963288109982386, 0.6861971978796646], "test_average": 0.6901364435907453, "train": [4.192675681202672, 4.14942539553158, 4.116124864667654, 4.151272877235897, 4.138850338757038], "train_average": 4.149669831478969, "testset_same_acc": [[true, 0.9854, 0.9854], [true, 0.9833, 0.9833], [true, 0.9834, 0.9834], [true, 0.9836, 0.9836], [true, 0.9825, 0.9825]], "trainset_same_acc": [[true, 0.9857833333333333, 0.9857833333333333], [true, 0.9848833333333333, 0.9848833333333333], [true, 0.9840666666666666, 0.9840666666666666], [true, 0.9852833333333333, 0.9852833333333333], [true, 0.983, 0.983]], "test_acc_stable": [true, true, true, true, true], "train_acc_stable": [true, true, true, true, true]}