{"test": [0.6851873147534207, 0.6842453426215798, 0.6965596110094339, 0.68221019662451, 0.6783306351862848], "test_average": 0.6853066200390459, "train": [4.141932774218731, 4.311428249115124, 4.077210178249516, 4.093043593340553, 4.070253391051665], "train_average": 4.138773637195118, "testset_same_acc": [[true, 0.9854, 0.9854], [true, 0.9833, 0.9833], [true, 0.9834, 0.9834], [true, 0.9836, 0.9836], [true, 0.9825, 0.9825]], "trainset_same_acc": [[true, 0.9857833333333333, 0.9857833333333333], [true, 0.9848833333333333, 0.9848833333333333], [true, 0.9840666666666666, 0.9840666666666666], [true, 0.9852833333333333, 0.9852833333333333], [true, 0.983, 0.983]], "test_acc_stable": [true, true, true, true, true], "train_acc_stable": [true, true, true, true, true]}