{"test": [0.6070625970605761, 0.6027996914926916, 0.6052774948766455, 0.6039796430850402, 0.6057344283908606], "test_average": 0.6049707709811628, "train": [3.6337399528129026, 3.6388499720487744, 3.6370252183405682, 3.6406342970440164, 3.6426337452139705], "train_average": 3.6385766370920463, "testset_same_acc": [[true, 0.9854, 0.9854], [true, 0.9833, 0.9833], [true, 0.9834, 0.9834], [true, 0.9836, 0.9836], [true, 0.9825, 0.9825]], "trainset_same_acc": [[true, 0.9857833333333333, 0.9857833333333333], [true, 0.9848833333333333, 0.9848833333333333], [true, 0.9840666666666666, 0.9840666666666666], [true, 0.9852833333333333, 0.9852833333333333], [true, 0.983, 0.983]], "test_acc_stable": [true, true, true, true, true], "train_acc_stable": [true, true, true, true, true]}