{"training_time": 1154.0164601500146, "total_time": 2032.7545359840005, "eval_time": 878.7380758339859, "test_acc": 0.9878, "train_acc": 0.9974833333333334}