{"training_time": 1151.6194246999803, "total_time": 2026.680966009997, "eval_time": 875.0615413100168, "test_acc": 0.9864, "train_acc": 0.9971}