{"training_time": 1149.9737181240052, "total_time": 2029.0495912659972, "eval_time": 879.0758731419919, "test_acc": 0.9863, "train_acc": 0.9965}