{"training_time": 1145.2008056270279, "total_time": 2025.512798783995, "eval_time": 880.3119931569672, "test_acc": 0.9865, "train_acc": 0.9971333333333333}