{"training_time": 1144.8665643450076, "total_time": 2024.5295326410123, "eval_time": 879.6629682960047, "test_acc": 0.9867, "train_acc": 0.9969833333333333}