{"test": [0.8660401040688157, 0.8704758966341615, 0.8755407962016761, 0.8827016958966851, 0.8797316839918494], "test_average": 0.8748980353586375, "train": [4.133423282299191, 4.194219149183482, 4.184980715159327, 4.167226689867675, 4.116314453538507], "train_average": 4.159232858009636, "testset_same_acc": [[true, 0.847100019454956, 0.847100019454956], [true, 0.8468999862670898, 0.8468999862670898], [true, 0.8446999788284302, 0.8446999788284302], [true, 0.848800003528595, 0.848800003528595], [true, 0.8507000207901001, 0.8507000207901001]], "trainset_same_acc": [[true, 1.0, 1.0], [true, 1.0, 1.0], [true, 1.0, 1.0], [true, 1.0, 1.0], [true, 1.0, 1.0]]}