{"test": [5.910604293923825, 5.940331977326423, 5.944756032899022, 6.009820967447013, 5.998126780614257], "test_average": 5.960728010442108, "train": [29.725080588832498, 29.575843033380806, 29.507489731069654, 29.63603287283331, 29.507565806619823], "train_average": 29.59040240654722, "testset_same_acc": [[true, 0.847100019454956, 0.847100019454956], [true, 0.8468999862670898, 0.8468999862670898], [true, 0.8446999788284302, 0.8446999788284302], [true, 0.848800003528595, 0.848800003528595], [true, 0.8507000207901001, 0.8507000207901001]], "trainset_same_acc": [[true, 1.0, 1.0], [true, 1.0, 1.0], [true, 1.0, 1.0], [true, 1.0, 1.0], [true, 1.0, 1.0]]}