{"test": [5.9918185248970985, 5.9703170992434025, 5.968224642798305, 6.001836954150349, 6.024956023320556], "test_average": 5.991430648881942, "train": [29.75936390971765, 29.751287860795856, 29.60051104752347, 29.612389302346855, 29.55491019692272], "train_average": 29.65569246346131, "testset_same_acc": [[true, 0.847100019454956, 0.847100019454956], [true, 0.8468999862670898, 0.8468999862670898], [true, 0.8446999788284302, 0.8446999788284302], [true, 0.848800003528595, 0.848800003528595], [true, 0.8507000207901001, 0.8507000207901001]], "trainset_same_acc": [[true, 1.0, 1.0], [true, 1.0, 1.0], [true, 1.0, 1.0], [true, 1.0, 1.0], [true, 1.0, 1.0]]}