{"test": [0.8829044112935662, 0.8677217233926058, 0.8681738800369203, 0.8679793169721961, 0.8648915425874293], "test_average": 0.8703341748565435, "train": [4.180234890431166, 4.169767918996513, 4.167555176652968, 4.13278054818511, 4.143569383770227], "train_average": 4.158781583607197, "testset_same_acc": [[true, 0.847100019454956, 0.847100019454956], [true, 0.8468999862670898, 0.8468999862670898], [true, 0.8446999788284302, 0.8446999788284302], [true, 0.848800003528595, 0.848800003528595], [true, 0.8507000207901001, 0.8507000207901001]], "trainset_same_acc": [[true, 1.0, 1.0], [true, 1.0, 1.0], [true, 1.0, 1.0], [true, 1.0, 1.0], [true, 1.0, 1.0]]}