{"training_time": 1862.256228910759, "total_time": 4170.9402532577515, "eval_time": 2308.6840243469924, "test_loss": 1.1181212663650513, "test_acc": 0.848800003528595, "train_loss": 4.486474836085108e-07, "train_acc": 1.0}