{"training_time": 1875.8463214859366, "total_time": 4225.273152913898, "eval_time": 2349.4268314279616, "test_loss": 1.1544512510299683, "test_acc": 0.8507000207901001, "train_loss": 3.0886823765285953e-07, "train_acc": 1.0}