{"training_time": 1861.7519140541553, "total_time": 4236.4334866553545, "eval_time": 2374.681572601199, "test_loss": 1.1249945163726807, "test_acc": 0.847100019454956, "train_loss": 3.4851254326895287e-07, "train_acc": 1.0}