{"training_time": 1856.4782575722784, "total_time": 4109.990323347971, "eval_time": 2253.5120657756925, "test_loss": 1.1402994394302368, "test_acc": 0.8446999788284302, "train_loss": 2.950139901258808e-07, "train_acc": 1.0}