{"training_time": 1854.7086607832462, "total_time": 4083.40868101269, "eval_time": 2228.700020229444, "test_loss": 1.158571720123291, "test_acc": 0.8468999862670898, "train_loss": 2.927296236521215e-07, "train_acc": 1.0}