{"test": [14.765591813717037, 14.587077528238297, 13.843767133541405, 14.67692427802831, 14.308422927744687], "test_average": 14.436356736253947, "train": [73.31870294362307, 72.1412515048869, 74.56387075129896, 72.97280932124704, 68.81622168095782], "train_average": 72.36257124040276, "testset_same_acc": [[true, 0.8645, 0.8645], [true, 0.8619, 0.8619], [true, 0.8616, 0.8616], [true, 0.8596, 0.8596], [true, 0.8603, 0.8603]], "trainset_same_acc": [[true, 1.0, 1.0], [true, 1.0, 1.0], [true, 1.0, 1.0], [true, 1.0, 1.0], [true, 1.0, 1.0]], "test_acc_stable": [true, true, true, true, true], "train_acc_stable": [true, true, true, true, true]}