{"test": [15.142111807130277, 15.49359868047759, 14.779498951043934, 15.7457239581272, 16.25585634028539], "test_average": 15.483357947412879, "train": [74.45915903011337, 76.56533411098644, 79.01471724547446, 79.27399988658726, 77.9122649366036], "train_average": 77.44509504195302, "testset_same_acc": [[true, 0.8645, 0.8645], [true, 0.8619, 0.8619], [true, 0.8616, 0.8616], [true, 0.8596, 0.8596], [true, 0.8603, 0.8603]], "trainset_same_acc": [[true, 1.0, 1.0], [true, 1.0, 1.0], [true, 1.0, 1.0], [true, 1.0, 1.0], [true, 1.0, 1.0]], "test_acc_stable": [true, true, true, true, true], "train_acc_stable": [true, true, true, true, true]}