{"test": [1.3514072770485654, 1.3507031663320959, 1.3520013767993078, 1.3570194650674239, 1.348758296109736], "test_average": 1.3519779162714258, "train": [6.738511254428886, 6.749613298219629, 6.751150244381279, 6.762884625350125, 6.758841959177516], "train_average": 6.752200276311487, "testset_same_acc": [[true, 0.8645, 0.8645], [true, 0.8619, 0.8619], [true, 0.8616, 0.8616], [true, 0.8596, 0.8596], [true, 0.8603, 0.8603]], "trainset_same_acc": [[true, 1.0, 1.0], [true, 1.0, 1.0], [true, 1.0, 1.0], [true, 1.0, 1.0], [true, 1.0, 1.0]], "test_acc_stable": [true, true, true, true, true], "train_acc_stable": [true, true, true, true, true]}