{"test": [1.3570571386953816, 1.3599494139198214, 1.360351920942776, 1.356909220223315, 1.3581217146711424], "test_average": 1.3584778816904872, "train": [6.783001389005221, 6.781353021622635, 6.7769152033142745, 6.783909942954779, 6.784473844221793], "train_average": 6.7819306802237405, "testset_same_acc": [[true, 0.8645, 0.8645], [true, 0.8619, 0.8619], [true, 0.8616, 0.8616], [true, 0.8596, 0.8596], [true, 0.8603, 0.8603]], "trainset_same_acc": [[true, 1.0, 1.0], [true, 1.0, 1.0], [true, 1.0, 1.0], [true, 1.0, 1.0], [true, 1.0, 1.0]], "test_acc_stable": [true, true, true, true, true], "train_acc_stable": [true, true, true, true, true]}