{"training_time": 8653.385036261752, "total_time": 18238.439236115664, "eval_time": 9585.054199853912, "test_acc": 0.8596, "train_acc": 1.0}