{"training_time": 8345.949009381235, "total_time": 17842.10032442026, "eval_time": 9496.151315039024, "test_acc": 0.8645, "train_acc": 1.0}