{"test": [66.47517881449312, 67.40907902037725, 66.81642713723704, 67.5985958520323, 67.43046637205407], "test_average": 67.14594943923876, "train": [66.47085022181273, 67.18720353906974, 66.98799907742068, 67.35742998356, 66.52317424817011], "train_average": 66.90533141400665, "testset_same_acc": [[true, 0.8469600081443787, 0.8469600081443787], [true, 0.8423200249671936, 0.8423200249671936], [true, 0.8493599891662598, 0.8493599891662598], [true, 0.8468000292778015, 0.8468000292778015], [true, 0.8464400172233582, 0.8464400172233582]], "trainset_same_acc": [[true, 0.9991999864578247, 0.9991999864578247], [true, 0.9924799799919128, 0.9924799799919128], [true, 0.9998000264167786, 0.9998000264167786], [true, 0.9983199834823608, 0.9983199834823608], [true, 0.9998400211334229, 0.9998400211334229]]}