{"test": [67.0911034019664, 67.26444838708267, 66.92499916628003, 67.1540253306739, 66.33915482927114], "test_average": 66.95474622305483, "train": [66.87999853584915, 67.2306844019331, 66.98447727365419, 67.25617251871154, 66.08911253232509], "train_average": 66.88808905249462, "testset_same_acc": [[true, 0.8469600081443787, 0.8469600081443787], [true, 0.8423200249671936, 0.8423200249671936], [true, 0.8493599891662598, 0.8493599891662598], [true, 0.8468000292778015, 0.8468000292778015], [true, 0.8464400172233582, 0.8464400172233582]], "trainset_same_acc": [[true, 0.9991999864578247, 0.9991999864578247], [true, 0.9924799799919128, 0.9924799799919128], [true, 0.9998000264167786, 0.9998000264167786], [true, 0.9983199834823608, 0.9983199834823608], [true, 0.9998400211334229, 0.9998400211334229]]}