{"test": [3.5923945321701467, 3.5915894247591496, 3.6050906516611576, 3.581990758422762, 3.586564359255135], "test_average": 3.5915259452536703, "train": [3.6002237745560706, 3.6004416453652084, 3.588526119478047, 3.589004945009947, 3.594314710702747], "train_average": 3.594502239022404, "testset_same_acc": [[true, 0.8469600081443787, 0.8469600081443787], [true, 0.8423200249671936, 0.8423200249671936], [true, 0.8493599891662598, 0.8493599891662598], [true, 0.8468000292778015, 0.8468000292778015], [true, 0.8464400172233582, 0.8464400172233582]], "trainset_same_acc": [[true, 0.9991999864578247, 0.9991999864578247], [true, 0.9924799799919128, 0.9924799799919128], [true, 0.9998000264167786, 0.9998000264167786], [true, 0.9983199834823608, 0.9983199834823608], [true, 0.9998400211334229, 0.9998400211334229]]}