{"test": [3.580101161263883, 3.5826163571327925, 3.593746837694198, 3.5839212872087955, 3.597460296936333], "test_average": 3.5875691880472003, "train": [3.604567846748978, 3.60619296412915, 3.594579426571727, 3.5911116027273238, 3.5860835164785385], "train_average": 3.5965070713311436, "testset_same_acc": [[true, 0.8469600081443787, 0.8469600081443787], [true, 0.8423200249671936, 0.8423200249671936], [true, 0.8493599891662598, 0.8493599891662598], [true, 0.8468000292778015, 0.8468000292778015], [true, 0.8464400172233582, 0.8464400172233582]], "trainset_same_acc": [[true, 0.9991999864578247, 0.9991999864578247], [true, 0.9924799799919128, 0.9924799799919128], [true, 0.9998000264167786, 0.9998000264167786], [true, 0.9983199834823608, 0.9983199834823608], [true, 0.9998400211334229, 0.9998400211334229]]}