{"training_time": 328.464547149837, "total_time": 900.6159299351275, "eval_time": 572.1513827852905, "test_loss": 0.8594703078269958, "test_acc": 0.8468000292778015, "train_loss": 0.007939413189888, "train_acc": 0.9983199834823608}