{"training_time": 328.70992374420166, "total_time": 900.9680110700428, "eval_time": 572.2580873258412, "test_loss": 0.906411349773407, "test_acc": 0.8464400172233582, "train_loss": 0.0033593850675970316, "train_acc": 0.9998400211334229}