{"training_time": 324.99495073594153, "total_time": 736.3577465992421, "eval_time": 411.36279586330056, "test_loss": 0.9259511232376099, "test_acc": 0.8469600081443787, "train_loss": 0.00436154892668128, "train_acc": 0.9991999864578247}