{"training_time": 328.3520521298051, "total_time": 899.9474062100053, "eval_time": 571.5953540802002, "test_loss": 0.9592365026473999, "test_acc": 0.8493599891662598, "train_loss": 0.0020346040837466717, "train_acc": 0.9998000264167786}