{"training_time": 326.80196752958, "total_time": 789.4718055166304, "eval_time": 462.6698379870504, "test_loss": 1.0078712701797485, "test_acc": 0.8423200249671936, "train_loss": 0.02142935059964657, "train_acc": 0.9924799799919128}