{"test": [51.45721314987168, 51.95538773620501, 52.28120815102011, 52.224436345975846, 52.16212981054559], "test_average": 52.01607503872365, "train": [51.591883233748376, 51.83424565522, 52.15621538599953, 52.20857294369489, 52.35052307136357], "train_average": 52.02828805800527, "testset_same_acc": [[true, 0.8529999852180481, 0.8529999852180481], [true, 0.8515999913215637, 0.8515999913215637], [true, 0.8468400239944458, 0.8468400239944458], [true, 0.8502799868583679, 0.8502799868583679], [true, 0.8493199944496155, 0.8493199944496155]], "trainset_same_acc": [[true, 0.9995999932289124, 0.9995999932289124], [true, 0.9996799826622009, 0.9996799826622009], [true, 0.9971200227737427, 0.9971200227737427], [true, 0.9965599775314331, 0.9965599775314331], [true, 0.9862800240516663, 0.9862800240516663]]}