{"test": [7.34766324236989, 7.339897349476814, 7.303434829693288, 7.2920779646374285, 7.343144167680293], "test_average": 7.325243510771543, "train": [7.250456114765257, 7.21196140954271, 7.2745411223731935, 7.371531132142991, 7.244207968469709], "train_average": 7.270539549458772, "testset_same_acc": [[true, 0.8529999852180481, 0.8529999852180481], [true, 0.8515999913215637, 0.8515999913215637], [true, 0.8468400239944458, 0.8468400239944458], [true, 0.8502799868583679, 0.8502799868583679], [true, 0.8493199944496155, 0.8493199944496155]], "trainset_same_acc": [[true, 0.9995999932289124, 0.9995999932289124], [true, 0.9996799826622009, 0.9996799826622009], [true, 0.9971200227737427, 0.9971200227737427], [true, 0.9965599775314331, 0.9965599775314331], [true, 0.9862800240516663, 0.9862800240516663]]}