{"test": [7.229156735818833, 7.309736439026892, 7.282745560631156, 7.33757700631395, 7.248405150137842], "test_average": 7.281524178385735, "train": [7.292573309503496, 7.3234518291428685, 7.227052488364279, 7.255950847174972, 7.244199738837779], "train_average": 7.268645642604679, "testset_same_acc": [[true, 0.8529999852180481, 0.8529999852180481], [true, 0.8515999913215637, 0.8515999913215637], [true, 0.8468400239944458, 0.8468400239944458], [true, 0.8502799868583679, 0.8502799868583679], [true, 0.8493199944496155, 0.8493199944496155]], "trainset_same_acc": [[true, 0.9995999932289124, 0.9995999932289124], [true, 0.9996799826622009, 0.9996799826622009], [true, 0.9971200227737427, 0.9971200227737427], [true, 0.9965599775314331, 0.9965599775314331], [true, 0.9862800240516663, 0.9862800240516663]]}