{"test": [51.725025658961385, 51.81492517935112, 51.68119822209701, 53.9900564015843, 51.510602918453515], "test_average": 52.14436167608947, "train": [51.42314668931067, 51.60150648653507, 52.31217377912253, 53.27975448174402, 51.68315701140091], "train_average": 52.05994768962264, "testset_same_acc": [[true, 0.8529999852180481, 0.8529999852180481], [true, 0.8515999913215637, 0.8515999913215637], [true, 0.8468400239944458, 0.8468400239944458], [true, 0.8502799868583679, 0.8502799868583679], [true, 0.8493199944496155, 0.8493199944496155]], "trainset_same_acc": [[true, 0.9995999932289124, 0.9995999932289124], [true, 0.9996799826622009, 0.9996799826622009], [true, 0.9971200227737427, 0.9971200227737427], [true, 0.9965599775314331, 0.9965599775314331], [true, 0.9862800240516663, 0.9862800240516663]]}