{"training_time": 1264.0060086827725, "total_time": 3778.770307056606, "eval_time": 2514.7642983738333, "test_loss": 0.7703694701194763, "test_acc": 0.8502799868583679, "train_loss": 0.013632494956254959, "train_acc": 0.9965599775314331}