{"training_time": 1748.1393113527447, "total_time": 4444.9906780887395, "eval_time": 2696.851366735995, "test_loss": 1.0050907135009766, "test_acc": 0.8493199944496155, "train_loss": 0.04692654684185982, "train_acc": 0.9862800240516663}