{"training_time": 1258.8393900208175, "total_time": 3761.5882964618504, "eval_time": 2502.748906441033, "test_loss": 0.8785050511360168, "test_acc": 0.8468400239944458, "train_loss": 0.010593323968350887, "train_acc": 0.9971200227737427}