{"training_time": 1272.9260381218046, "total_time": 3781.6772224325687, "eval_time": 2508.751184310764, "test_loss": 0.8776779174804688, "test_acc": 0.8515999913215637, "train_loss": 0.003022177144885063, "train_acc": 0.9996799826622009}