{"training_time": 1291.4676463976502, "total_time": 3802.0770836658776, "eval_time": 2510.6094372682273, "test_loss": 0.8973311185836792, "test_acc": 0.8529999852180481, "train_loss": 0.0029523067642003298, "train_acc": 0.9995999932289124}