{"test": [0.5940434453077614, 0.5761183332651854, 0.5920516578480601, 0.5782981803640723, 0.5828125537373126], "test_average": 0.5846648341044783, "train": [3.289949545636773, 3.3031768519431353, 3.31402795528993, 3.2514894930645823, 3.2849593409337103], "train_average": 3.2887206373736264, "testset_same_acc": [[true, 0.989300012588501, 0.989300012588501], [true, 0.9902999997138977, 0.9902999997138977], [true, 0.9890000224113464, 0.9890000224113464], [true, 0.9890000224113464, 0.9890000224113464], [true, 0.9896000027656555, 0.9896000027656555]], "trainset_same_acc": [[true, 1.0, 1.0], [true, 1.0, 1.0], [true, 1.0, 1.0], [true, 1.0, 1.0], [true, 1.0, 1.0]]}