{"test": [0.22841973323374987, 0.22858446603640914, 0.22972933016717434, 0.225458899512887, 0.2316780500113964], "test_average": 0.22877409579232336, "train": [1.1456457851454616, 1.1604432775638998, 1.1526447939686477, 1.1444324208423495, 1.1486656880006194], "train_average": 1.1503663931041956, "testset_same_acc": [[true, 0.989300012588501, 0.989300012588501], [true, 0.9902999997138977, 0.9902999997138977], [true, 0.9890000224113464, 0.9890000224113464], [true, 0.9890000224113464, 0.9890000224113464], [true, 0.9896000027656555, 0.9896000027656555]], "trainset_same_acc": [[true, 1.0, 1.0], [true, 1.0, 1.0], [true, 1.0, 1.0], [true, 1.0, 1.0], [true, 1.0, 1.0]]}