{"test": [0.5854762569069862, 0.5829903287813067, 0.5806059506721795, 0.5874529518187046, 0.5852172658778727], "test_average": 0.5843485508114099, "train": [3.3087707683444023, 3.28605167940259, 3.278969259466976, 3.2970563871786, 3.288611937314272], "train_average": 3.291892006341368, "testset_same_acc": [[true, 0.989300012588501, 0.989300012588501], [true, 0.9902999997138977, 0.9902999997138977], [true, 0.9890000224113464, 0.9890000224113464], [true, 0.9890000224113464, 0.9890000224113464], [true, 0.9896000027656555, 0.9896000027656555]], "trainset_same_acc": [[true, 1.0, 1.0], [true, 1.0, 1.0], [true, 1.0, 1.0], [true, 1.0, 1.0], [true, 1.0, 1.0]]}