{"test": [0.2322415285743773, 0.21709843538701534, 0.22973609762266278, 0.22733134496957064, 0.23093182826414704], "test_average": 0.22746784696355463, "train": [1.1563404365442693, 1.1435414049774408, 1.1450648568570614, 1.1539581725373864, 1.153451734688133], "train_average": 1.1504713211208581, "testset_same_acc": [[true, 0.989300012588501, 0.989300012588501], [true, 0.9902999997138977, 0.9902999997138977], [true, 0.9890000224113464, 0.9890000224113464], [true, 0.9890000224113464, 0.9890000224113464], [true, 0.9896000027656555, 0.9896000027656555]], "trainset_same_acc": [[true, 1.0, 1.0], [true, 1.0, 1.0], [true, 1.0, 1.0], [true, 1.0, 1.0], [true, 1.0, 1.0]]}