{"training_time": 357.0727223455906, "total_time": 1499.4212371762842, "eval_time": 1142.3485148306936, "test_loss": 0.03814718499779701, "test_acc": 0.9896000027656555, "train_loss": 0.000364345294656232, "train_acc": 1.0}