{"training_time": 357.2543260380626, "total_time": 1498.679956201464, "eval_time": 1141.4256301634014, "test_loss": 0.05030263960361481, "test_acc": 0.9890000224113464, "train_loss": 0.00038704974576830864, "train_acc": 1.0}