{"training_time": 356.0994927212596, "total_time": 1495.897794732824, "eval_time": 1139.7983020115644, "test_loss": 0.04534706845879555, "test_acc": 0.9890000224113464, "train_loss": 0.00040486708167009056, "train_acc": 1.0}