{"training_time": 357.02153108641505, "total_time": 1493.094933345914, "eval_time": 1136.0734022594988, "test_loss": 0.0387471467256546, "test_acc": 0.989300012588501, "train_loss": 0.0003780258120968938, "train_acc": 1.0}