{"training_time": 356.79204155132174, "total_time": 1497.0286300759763, "eval_time": 1140.2365885246545, "test_loss": 0.03929030895233154, "test_acc": 0.9902999997138977, "train_loss": 0.00037345089367590845, "train_acc": 1.0}