{"test": [0.7971502025611699, 0.7938871663063765, 0.767320258077234, 0.7977489070035517, 0.8173130410723388], "test_average": 0.7946839150041342, "train": [4.534552966244519, 4.565194531343877, 4.59980528568849, 4.7688751691021025, 4.615176715422422], "train_average": 4.616720933560282, "testset_same_acc": [[true, 0.988099992275238, 0.988099992275238], [true, 0.9882000088691711, 0.9882000088691711], [true, 0.9879000186920166, 0.9879000186920166], [true, 0.9891999959945679, 0.9891999959945679], [true, 0.9872999787330627, 0.9872999787330627]], "trainset_same_acc": [[true, 0.9973499774932861, 0.9973499774932861], [true, 0.9975000023841858, 0.9975000023841858], [true, 0.9971666932106018, 0.9971666932106018], [true, 0.9973499774932861, 0.9973499774932861], [true, 0.9971500039100647, 0.9971500039100647]]}