{"test": [0.26183317811228335, 0.27005235431715846, 0.26287916488945484, 0.2631854850333184, 0.2669244607677683], "test_average": 0.2649749286239967, "train": [1.3737368599977344, 1.3698925577336922, 1.3684165879385546, 1.3815838957671076, 1.3741018306463957], "train_average": 1.3735463464166968, "testset_same_acc": [[true, 0.988099992275238, 0.988099992275238], [true, 0.9882000088691711, 0.9882000088691711], [true, 0.9879000186920166, 0.9879000186920166], [true, 0.9891999959945679, 0.9891999959945679], [true, 0.9872999787330627, 0.9872999787330627]], "trainset_same_acc": [[true, 0.9973499774932861, 0.9973499774932861], [true, 0.9975000023841858, 0.9975000023841858], [true, 0.9971666932106018, 0.9971666932106018], [true, 0.9973499774932861, 0.9973499774932861], [true, 0.9971500039100647, 0.9971500039100647]]}