{"test": [0.8088920135051012, 0.7897657225839794, 0.7633211286738515, 0.8146005785092711, 0.7870469312183559], "test_average": 0.7927252748981118, "train": [4.541974214836955, 4.629487938713282, 4.46527150971815, 4.485685150604695, 4.473112155217677], "train_average": 4.519106193818152, "testset_same_acc": [[true, 0.988099992275238, 0.988099992275238], [true, 0.9882000088691711, 0.9882000088691711], [true, 0.9879000186920166, 0.9879000186920166], [true, 0.9891999959945679, 0.9891999959945679], [true, 0.9872999787330627, 0.9872999787330627]], "trainset_same_acc": [[true, 0.9973499774932861, 0.9973499774932861], [true, 0.9975000023841858, 0.9975000023841858], [true, 0.9971666932106018, 0.9971666932106018], [true, 0.9973499774932861, 0.9973499774932861], [true, 0.9971500039100647, 0.9971500039100647]]}