{"test": [0.26327309489715844, 0.2626463114283979, 0.2599019199842587, 0.2621515004429966, 0.262386470916681], "test_average": 0.26207185953389855, "train": [1.3780735047766939, 1.375042219995521, 1.3621651275316253, 1.380800561280921, 1.367885135812685], "train_average": 1.3727933098794893, "testset_same_acc": [[true, 0.988099992275238, 0.988099992275238], [true, 0.9882000088691711, 0.9882000088691711], [true, 0.9879000186920166, 0.9879000186920166], [true, 0.9891999959945679, 0.9891999959945679], [true, 0.9872999787330627, 0.9872999787330627]], "trainset_same_acc": [[true, 0.9973499774932861, 0.9973499774932861], [true, 0.9975000023841858, 0.9975000023841858], [true, 0.9971666932106018, 0.9971666932106018], [true, 0.9973499774932861, 0.9973499774932861], [true, 0.9971500039100647, 0.9971500039100647]]}