{"training_time": 359.1886145491153, "total_time": 1644.6498613823205, "eval_time": 1285.4612468332052, "test_loss": 0.036825474351644516, "test_acc": 0.9879000186920166, "train_loss": 0.01414575893431902, "train_acc": 0.9971666932106018}