{"training_time": 358.832178786397, "total_time": 1643.457916971296, "eval_time": 1284.625738184899, "test_loss": 0.03717377781867981, "test_acc": 0.9882000088691711, "train_loss": 0.01188110001385212, "train_acc": 0.9975000023841858}