{"training_time": 359.21399744972587, "total_time": 1645.0313458126038, "eval_time": 1285.817348362878, "test_loss": 0.031022479757666588, "test_acc": 0.9891999959945679, "train_loss": 0.01296805590391159, "train_acc": 0.9973499774932861}