{"training_time": 360.2338024042547, "total_time": 1647.003988739103, "eval_time": 1286.7701863348484, "test_loss": 0.03853126987814903, "test_acc": 0.9872999787330627, "train_loss": 0.013844628818333149, "train_acc": 0.9971500039100647}