{"training_time": 325.5799795743078, "total_time": 1489.1057701874524, "eval_time": 1163.5257906131446, "test_loss": 0.03721567615866661, "test_acc": 0.988099992275238, "train_loss": 0.014090760610997677, "train_acc": 0.9973499774932861}