{"test": [4.029700218234211, 3.941896317526698, 3.941680626012385, 3.980482480954379, 3.940152743831277], "test_average": 3.96678247731179, "train": [4.01081857457757, 3.9528167550452054, 3.987925903405994, 3.9533100887201726, 4.003677442204207], "train_average": 3.9817097527906298, "testset_same_acc": [[true, 0.8409199714660645, 0.8409199714660645], [true, 0.8357599973678589, 0.8357599973678589], [true, 0.8318799734115601, 0.8318799734115601], [true, 0.8365600109100342, 0.8365600109100342], [true, 0.83788001537323, 0.83788001537323]], "trainset_same_acc": [[true, 0.9956799745559692, 0.9956799745559692], [true, 0.9963600039482117, 0.9963600039482117], [true, 0.9807199835777283, 0.9807199835777283], [true, 0.9952399730682373, 0.9952399730682373], [true, 0.9968400001525879, 0.9968400001525879]]}