{"test": [47.62266608304344, 47.473441027337685, 47.30324325163383, 47.50147800135892, 47.67616572009865], "test_average": 47.51539881669451, "train": [47.44366099894978, 47.35623195988592, 47.310569720692, 48.35395781497937, 47.690648416173644], "train_average": 47.631013782136144, "testset_same_acc": [[true, 0.8409199714660645, 0.8409199714660645], [true, 0.8357599973678589, 0.8357599973678589], [true, 0.8318799734115601, 0.8318799734115601], [true, 0.8365600109100342, 0.8365600109100342], [true, 0.83788001537323, 0.83788001537323]], "trainset_same_acc": [[true, 0.9956799745559692, 0.9956799745559692], [true, 0.9963600039482117, 0.9963600039482117], [true, 0.9807199835777283, 0.9807199835777283], [true, 0.9952399730682373, 0.9952399730682373], [true, 0.9968400001525879, 0.9968400001525879]]}