{"test": [3.976616849657148, 4.029647666495293, 3.9629469984211028, 3.9683804442174733, 3.9830490513704717], "test_average": 3.9841282020322977, "train": [3.974800509866327, 3.994660754222423, 4.038381011690944, 3.9966075005941093, 3.9846637034788728], "train_average": 3.997822695970535, "testset_same_acc": [[true, 0.8409199714660645, 0.8409199714660645], [true, 0.8357599973678589, 0.8357599973678589], [true, 0.8318799734115601, 0.8318799734115601], [true, 0.8365600109100342, 0.8365600109100342], [true, 0.83788001537323, 0.83788001537323]], "trainset_same_acc": [[true, 0.9956799745559692, 0.9956799745559692], [true, 0.9963600039482117, 0.9963600039482117], [true, 0.9807199835777283, 0.9807199835777283], [true, 0.9952399730682373, 0.9952399730682373], [true, 0.9968400001525879, 0.9968400001525879]]}