{"test": [47.72129584127106, 47.860648410976864, 47.67157646396663, 47.6252862700494, 47.6195667545544], "test_average": 47.69967474816367, "train": [47.827963146264665, 47.721537857549265, 47.48999815189745, 47.46006307203788, 47.390131885767914], "train_average": 47.57793882270344, "testset_same_acc": [[true, 0.8409199714660645, 0.8409199714660645], [true, 0.8357599973678589, 0.8357599973678589], [true, 0.8318799734115601, 0.8318799734115601], [true, 0.8365600109100342, 0.8365600109100342], [true, 0.83788001537323, 0.83788001537323]], "trainset_same_acc": [[true, 0.9956799745559692, 0.9956799745559692], [true, 0.9963600039482117, 0.9963600039482117], [true, 0.9807199835777283, 0.9807199835777283], [true, 0.9952399730682373, 0.9952399730682373], [true, 0.9968400001525879, 0.9968400001525879]]}