{"training_time": 382.5976871177554, "total_time": 1067.18588216044, "eval_time": 684.5881950426847, "test_loss": 0.8390348553657532, "test_acc": 0.8318799734115601, "train_loss": 0.06118931248784065, "train_acc": 0.9807199835777283}