{"training_time": 382.0171650722623, "total_time": 1068.3129193168133, "eval_time": 686.2957542445511, "test_loss": 0.7126752138137817, "test_acc": 0.8365600109100342, "train_loss": 0.025181550532579422, "train_acc": 0.9952399730682373}