{"training_time": 373.7255005277693, "total_time": 1076.705630555749, "eval_time": 702.9801300279796, "test_loss": 0.7015206813812256, "test_acc": 0.8409199714660645, "train_loss": 0.02322400175035, "train_acc": 0.9956799745559692}