{"training_time": 382.57870565354824, "total_time": 978.119379978627, "eval_time": 595.5406743250787, "test_loss": 0.7273572683334351, "test_acc": 0.83788001537323, "train_loss": 0.019748108461499214, "train_acc": 0.9968400001525879}