{"training_time": 374.8020528368652, "total_time": 1047.159793926403, "eval_time": 672.3577410895377, "test_loss": 0.7690552473068237, "test_acc": 0.8357599973678589, "train_loss": 0.02002585120499134, "train_acc": 0.9963600039482117}