{"test": [35.735760557465255, 36.68160190945491, 37.3125282083638, 36.042243137490004, 36.73176404600963], "test_average": 36.50077957175672, "train": [35.45977740595117, 36.725359147414565, 36.22973726224154, 37.05056014889851, 36.37718147132546], "train_average": 36.36852308716625, "testset_same_acc": [[true, 0.85136, 0.85136], [true, 0.87048, 0.87048], [true, 0.87572, 0.87572], [true, 0.86208, 0.86208], [true, 0.88192, 0.88192]], "trainset_same_acc": [[true, 0.99012, 0.99012], [true, 0.99224, 0.99224], [true, 0.99812, 0.99812], [true, 0.9986, 0.9986], [true, 0.9996, 0.9996]], "test_acc_stable": [true, true, true, true, true], "train_acc_stable": [true, true, true, true, true]}