{"test": [2.349180077202618, 2.4072552626021206, 2.4526480212807655, 2.3735175328329206, 2.3570335428230464], "test_average": 2.387926887348294, "train": [2.3996926727704704, 2.4782122359611094, 2.4266224917955697, 2.3654882265254855, 2.363374344073236], "train_average": 2.4066779942251744, "testset_same_acc": [[true, 0.85136, 0.85136], [true, 0.87048, 0.87048], [true, 0.87572, 0.87572], [true, 0.86208, 0.86208], [true, 0.88192, 0.88192]], "trainset_same_acc": [[true, 0.99012, 0.99012], [true, 0.99224, 0.99224], [true, 0.99812, 0.99812], [true, 0.9986, 0.9986], [true, 0.9996, 0.9996]], "test_acc_stable": [true, true, true, true, true], "train_acc_stable": [true, true, true, true, true]}