{"test": [2.4730315008200705, 2.4267868218012154, 2.45120258256793, 2.4673689980991185, 2.3964276504702866], "test_average": 2.4429635107517242, "train": [2.444441822823137, 2.4342342987656593, 2.4310161783359945, 2.4711505006998777, 2.497838112525642], "train_average": 2.455736182630062, "testset_same_acc": [[true, 0.85136, 0.85136], [true, 0.87048, 0.87048], [true, 0.87572, 0.87572], [true, 0.86208, 0.86208], [true, 0.88192, 0.88192]], "trainset_same_acc": [[true, 0.99012, 0.99012], [true, 0.99224, 0.99224], [true, 0.99812, 0.99812], [true, 0.9986, 0.9986], [true, 0.9996, 0.9996]], "test_acc_stable": [true, true, true, true, true], "train_acc_stable": [true, true, true, true, true]}