{"test": [36.18856491241604, 36.25744320591912, 36.97946642385796, 37.034912954084575, 36.25176945142448], "test_average": 36.54243138954043, "train": [36.03611543960869, 36.55903685092926, 37.55196635052562, 37.90579064330086, 36.55433749035001], "train_average": 36.92144935494289, "testset_same_acc": [[true, 0.85136, 0.85136], [true, 0.87048, 0.87048], [true, 0.87572, 0.87572], [true, 0.86208, 0.86208], [true, 0.88192, 0.88192]], "trainset_same_acc": [[true, 0.99012, 0.99012], [true, 0.99224, 0.99224], [true, 0.99812, 0.99812], [true, 0.9986, 0.9986], [true, 0.9996, 0.9996]], "test_acc_stable": [true, true, true, true, true], "train_acc_stable": [true, true, true, true, true]}