{"training_time": 213.68585531786084, "total_time": 360.7815427929163, "eval_time": 147.09568747505546, "test_acc": 0.86208, "train_acc": 0.9986}