{"training_time": 213.04659106954932, "total_time": 360.18081498518586, "eval_time": 147.13422391563654, "test_acc": 0.87572, "train_acc": 0.99812}