{"training_time": 213.52181785739958, "total_time": 360.85465591959655, "eval_time": 147.33283806219697, "test_acc": 0.88192, "train_acc": 0.9996}