{"training_time": 216.41945278458297, "total_time": 363.1596977375448, "eval_time": 146.7402449529618, "test_acc": 0.87048, "train_acc": 0.99224}