{"training_time": 213.6036290600896, "total_time": 357.97385276667774, "eval_time": 144.37022370658815, "test_acc": 0.85136, "train_acc": 0.99012}