{"test": [44.28423127322458, 44.59247791720554, 45.08929018571507, 44.25548462430015, 44.70281307399273], "test_average": 44.58485941488762, "train": [44.25063670997042, 44.566579456906766, 44.959822249482386, 44.36810698150657, 44.78711320704315], "train_average": 44.586451720981856, "testset_same_acc": [[true, 0.87336, 0.87336], [true, 0.86604, 0.86604], [true, 0.84668, 0.84668], [true, 0.8762, 0.8762], [true, 0.86508, 0.86508]], "trainset_same_acc": [[true, 0.967, 0.967], [true, 0.95292, 0.95292], [true, 0.91036, 0.91036], [true, 0.97296, 0.97296], [true, 0.95064, 0.95064]], "test_acc_stable": [true, true, true, true, true], "train_acc_stable": [true, true, true, true, true]}