{"test": [2.7253297735005617, 2.7833422124385834, 2.771951054222882, 2.799905874300748, 2.802900574170053], "test_average": 2.7766858977265656, "train": [2.7404414345510304, 2.7435392667539418, 2.7903479607775807, 2.802634488325566, 2.690356772392988], "train_average": 2.7534639845602213, "testset_same_acc": [[true, 0.87336, 0.87336], [true, 0.86604, 0.86604], [true, 0.84668, 0.84668], [true, 0.8762, 0.8762], [true, 0.86508, 0.86508]], "trainset_same_acc": [[true, 0.967, 0.967], [true, 0.95292, 0.95292], [true, 0.91036, 0.91036], [true, 0.97296, 0.97296], [true, 0.95064, 0.95064]], "test_acc_stable": [true, true, true, true, true], "train_acc_stable": [true, true, true, true, true]}