{"test": [44.69935945677571, 44.20525664766319, 44.591362630715594, 44.68958678992931, 44.43552621349227], "test_average": 44.52421834771521, "train": [45.173196453019045, 43.910088846692815, 44.86088257597294, 45.06514916580636, 44.18355118588079], "train_average": 44.63857364547439, "testset_same_acc": [[true, 0.87336, 0.87336], [true, 0.86604, 0.86604], [true, 0.84668, 0.84668], [true, 0.8762, 0.8762], [true, 0.86508, 0.86508]], "trainset_same_acc": [[true, 0.967, 0.967], [true, 0.95292, 0.95292], [true, 0.91036, 0.91036], [true, 0.97296, 0.97296], [true, 0.95064, 0.95064]], "test_acc_stable": [true, true, true, true, true], "train_acc_stable": [true, true, true, true, true]}