{"test": [2.754315860569477, 2.7159838806837797, 2.6880909726023674, 2.6961900778114796, 2.750513640232384], "test_average": 2.7210188863798974, "train": [2.684784763958305, 2.7935817716643214, 2.698049757629633, 2.7262051347643137, 2.7167681376449764], "train_average": 2.72387791313231, "testset_same_acc": [[true, 0.87336, 0.87336], [true, 0.86604, 0.86604], [true, 0.84668, 0.84668], [true, 0.8762, 0.8762], [true, 0.86508, 0.86508]], "trainset_same_acc": [[true, 0.967, 0.967], [true, 0.95292, 0.95292], [true, 0.91036, 0.91036], [true, 0.97296, 0.97296], [true, 0.95064, 0.95064]], "test_acc_stable": [true, true, true, true, true], "train_acc_stable": [true, true, true, true, true]}