{"training_time": 261.15786589309573, "total_time": 426.0460190605372, "eval_time": 164.8881531674415, "test_acc": 0.86508, "train_acc": 0.95064}