{"training_time": 263.54415787011385, "total_time": 426.71493729762733, "eval_time": 163.17077942751348, "test_acc": 0.8762, "train_acc": 0.97296}