{"training_time": 263.42960062250495, "total_time": 426.719596169889, "eval_time": 163.28999554738402, "test_acc": 0.84668, "train_acc": 0.91036}