{"training_time": 264.0835975147784, "total_time": 424.9921520613134, "eval_time": 160.90855454653502, "test_acc": 0.87336, "train_acc": 0.967}