{"training_time": 266.73779297061265, "total_time": 429.83196447230875, "eval_time": 163.0941715016961, "test_acc": 0.86604, "train_acc": 0.95292}