{"test": [0.5941001290921122, 0.5932670949259773, 0.5950663441326469, 0.5978563844691962, 0.5985845961840823], "test_average": 0.5957749097608029, "train": [3.571765294764191, 3.582748657790944, 3.5753473746590316, 3.5822485279059038, 3.573547104955651], "train_average": 3.5771313920151444, "testset_same_acc": [[true, 0.9899, 0.9899], [true, 0.9893, 0.9893], [true, 0.9902, 0.9902], [true, 0.9892, 0.9892], [true, 0.9884, 0.9884]], "trainset_same_acc": [[true, 1.0, 1.0], [true, 1.0, 1.0], [true, 1.0, 1.0], [true, 1.0, 1.0], [true, 1.0, 1.0]], "test_acc_stable": [true, true, true, true, true], "train_acc_stable": [true, true, true, true, true]}