{"test": [0.7200256922515109, 0.7107662702910602, 0.716909300070256, 0.7240765729220584, 0.7536129886284471], "test_average": 0.7250781648326665, "train": [4.391653088154271, 4.319332143757492, 4.300650465535, 4.31658175913617, 4.306567704188637], "train_average": 4.326957032154314, "testset_same_acc": [[true, 0.9899, 0.9899], [true, 0.9893, 0.9893], [true, 0.9902, 0.9902], [true, 0.9892, 0.9892], [true, 0.9884, 0.9884]], "trainset_same_acc": [[true, 1.0, 1.0], [true, 1.0, 1.0], [true, 1.0, 1.0], [true, 1.0, 1.0], [true, 1.0, 1.0]], "test_acc_stable": [true, true, true, true, true], "train_acc_stable": [true, true, true, true, true]}