{"test": [0.5957022531656548, 0.5917844745563343, 0.5941996243782341, 0.593918263213709, 0.592991408193484], "test_average": 0.5937192047014832, "train": [3.5632866686210036, 3.562139550456777, 3.5694391953293234, 3.573194141383283, 3.5659089009277523], "train_average": 3.566793691343628, "testset_same_acc": [[true, 0.9899, 0.9899], [true, 0.9893, 0.9893], [true, 0.9902, 0.9902], [true, 0.9892, 0.9892], [true, 0.9884, 0.9884]], "trainset_same_acc": [[true, 1.0, 1.0], [true, 1.0, 1.0], [true, 1.0, 1.0], [true, 1.0, 1.0], [true, 1.0, 1.0]], "test_acc_stable": [true, true, true, true, true], "train_acc_stable": [true, true, true, true, true]}