{"test": [0.7386992782121524, 0.7438178574666381, 0.7264868111815304, 0.736317717586644, 0.7281449246220291], "test_average": 0.7346933178137988, "train": [4.47628603130579, 4.388152094325051, 4.368953324621543, 4.352627705200575, 4.447138487477787], "train_average": 4.406631528586149, "testset_same_acc": [[true, 0.9899, 0.9899], [true, 0.9893, 0.9893], [true, 0.9902, 0.9902], [true, 0.9892, 0.9892], [true, 0.9884, 0.9884]], "trainset_same_acc": [[true, 1.0, 1.0], [true, 1.0, 1.0], [true, 1.0, 1.0], [true, 1.0, 1.0], [true, 1.0, 1.0]], "test_acc_stable": [true, true, true, true, true], "train_acc_stable": [true, true, true, true, true]}