{"training_time": 1225.582249364088, "total_time": 2127.742620352001, "eval_time": 902.1603709879128, "test_acc": 0.9888, "train_acc": 1.0}