{"training_time": 1239.1030795719998, "total_time": 2142.0619923249906, "eval_time": 902.9589127529907, "test_acc": 0.9897, "train_acc": 1.0}