{"training_time": 1202.3996798779845, "total_time": 2073.846626921004, "eval_time": 871.4469470430195, "test_acc": 0.9905, "train_acc": 1.0}