{"training_time": 1238.8220261901442, "total_time": 2141.023547595003, "eval_time": 902.2015214048588, "test_acc": 0.9898, "train_acc": 1.0}