{"training_time": 1239.6312277020916, "total_time": 2141.491716835997, "eval_time": 901.8604891339055, "test_acc": 0.9895, "train_acc": 1.0}